[{"model": "contenttypes.contenttype", "pk": 1, "fields": {"app_label": "admin", "model": "logentry"}}, {"model": "contenttypes.contenttype", "pk": 2, "fields": {"app_label": "auth", "model": "permission"}}, {"model": "contenttypes.contenttype", "pk": 3, "fields": {"app_label": "auth", "model": "group"}}, {"model": "contenttypes.contenttype", "pk": 4, "fields": {"app_label": "auth", "model": "user"}}, {"model": "contenttypes.contenttype", "pk": 5, "fields": {"app_label": "contenttypes", "model": "contenttype"}}, {"model": "contenttypes.contenttype", "pk": 6, "fields": {"app_label": "sessions", "model": "session"}}, {"model": "contenttypes.contenttype", "pk": 7, "fields": {"app_label": "app", "model": "authgroup"}}, {"model": "contenttypes.contenttype", "pk": 8, "fields": {"app_label": "app", "model": "authgrouppermissions"}}, {"model": "contenttypes.contenttype", "pk": 9, "fields": {"app_label": "app", "model": "authpermission"}}, {"model": "contenttypes.contenttype", "pk": 10, "fields": {"app_label": "app", "model": "authuser"}}, {"model": "contenttypes.contenttype", "pk": 11, "fields": {"app_label": "app", "model": "authusergroups"}}, {"model": "contenttypes.contenttype", "pk": 12, "fields": {"app_label": "app", "model": "authuseruserpermissions"}}, {"model": "contenttypes.contenttype", "pk": 13, "fields": {"app_label": "app", "model": "bossperson"}}, {"model": "contenttypes.contenttype", "pk": 14, "fields": {"app_label": "app", "model": "contractcard"}}, {"model": "contenttypes.contenttype", "pk": 15, "fields": {"app_label": "app", "model": "contractcardokpd"}}, {"model": "contenttypes.contenttype", "pk": 16, "fields": {"app_label": "app", "model": "djangoadminlog"}}, {"model": "contenttypes.contenttype", "pk": 17, "fields": {"app_label": "app", "model": "djangocontenttype"}}, {"model": "contenttypes.contenttype", "pk": 18, "fields": {"app_label": "app", "model": "djangomigrations"}}, {"model": "contenttypes.contenttype", "pk": 19, "fields": {"app_label": "app", "model": "djangosession"}}, {"model": "contenttypes.contenttype", "pk": 20, "fields": {"app_label": "app", "model": "eruzmember"}}, {"model": "contenttypes.contenttype", "pk": 21, "fields": {"app_label": "app", "model": "eruzmembercontractcard"}}, {"model": "contenttypes.contenttype", "pk": 22, "fields": {"app_label": "app", "model": "eruzmemberokpd"}}, {"model": "contenttypes.contenttype", "pk": 23, "fields": {"app_label": "app", "model": "eruzmemberokvedcodes"}}, {"model": "contenttypes.contenttype", "pk": 24, "fields": {"app_label": "app", "model": "eruzmemberzakupkacard"}}, {"model": "contenttypes.contenttype", "pk": 25, "fields": {"app_label": "app", "model": "nalogcodes"}}, {"model": "contenttypes.contenttype", "pk": 26, "fields": {"app_label": "app", "model": "okpd22020"}}, {"model": "contenttypes.contenttype", "pk": 27, "fields": {"app_label": "app", "model": "okved2020"}}, {"model": "contenttypes.contenttype", "pk": 28, "fields": {"app_label": "app", "model": "tipuchastnika"}}, {"model": "contenttypes.contenttype", "pk": 29, "fields": {"app_label": "app", "model": "zakazchikcard"}}, {"model": "contenttypes.contenttype", "pk": 30, "fields": {"app_label": "app", "model": "zakupkacard"}}, {"model": "contenttypes.contenttype", "pk": 31, "fields": {"app_label": "app", "model": "zakupkacardokpd"}}, {"model": "sessions.session", "pk": "8tjkqjq8ys2sxnzh4dk9bpl06fsakicd", "fields": {"session_data": "ZDZlOTE4MTQzZTkyYjQxNDA5NjMwOTViYTVkZTA0ZDM0N2UyNmExODp7Il9hdXRoX3VzZXJfaWQiOiIxIiwiX2F1dGhfdXNlcl9iYWNrZW5kIjoiZGphbmdvLmNvbnRyaWIuYXV0aC5iYWNrZW5kcy5Nb2RlbEJhY2tlbmQiLCJfYXV0aF91c2VyX2hhc2giOiJjMzY3ODcxZmRhZDU3NzEwZmViZWIxYTFmYWYzZjk0OTg3OTdlMDM3In0=", "expire_date": "2020-04-24T20:14:00.604Z"}}, {"model": "sessions.session", "pk": "h367n7rzblhzchf47pck9wxfleqk348m", "fields": {"session_data": "ZDZlOTE4MTQzZTkyYjQxNDA5NjMwOTViYTVkZTA0ZDM0N2UyNmExODp7Il9hdXRoX3VzZXJfaWQiOiIxIiwiX2F1dGhfdXNlcl9iYWNrZW5kIjoiZGphbmdvLmNvbnRyaWIuYXV0aC5iYWNrZW5kcy5Nb2RlbEJhY2tlbmQiLCJfYXV0aF91c2VyX2hhc2giOiJjMzY3ODcxZmRhZDU3NzEwZmViZWIxYTFmYWYzZjk0OTg3OTdlMDM3In0=", "expire_date": "2020-05-04T12:00:20.382Z"}}, {"model": "app.authpermission", "pk": 1, "fields": {"name": "Can add log entry", "content_type": 1, "codename": "add_logentry"}}, {"model": "app.authpermission", "pk": 2, "fields": {"name": "Can change log entry", "content_type": 1, "codename": "change_logentry"}}, {"model": "app.authpermission", "pk": 3, "fields": {"name": "Can delete log entry", "content_type": 1, "codename": "delete_logentry"}}, {"model": "app.authpermission", "pk": 4, "fields": {"name": "Can view log entry", "content_type": 1, "codename": "view_logentry"}}, {"model": "app.authpermission", "pk": 5, "fields": {"name": "Can add permission", "content_type": 2, "codename": "add_permission"}}, {"model": "app.authpermission", "pk": 6, "fields": {"name": "Can change permission", "content_type": 2, "codename": "change_permission"}}, {"model": "app.authpermission", "pk": 7, "fields": {"name": "Can delete permission", "content_type": 2, "codename": "delete_permission"}}, {"model": "app.authpermission", "pk": 8, "fields": {"name": "Can view permission", "content_type": 2, "codename": "view_permission"}}, {"model": "app.authpermission", "pk": 9, "fields": {"name": "Can add group", "content_type": 3, "codename": "add_group"}}, {"model": "app.authpermission", "pk": 10, "fields": {"name": "Can change group", "content_type": 3, "codename": "change_group"}}, {"model": "app.authpermission", "pk": 11, "fields": {"name": "Can delete group", "content_type": 3, "codename": "delete_group"}}, {"model": "app.authpermission", "pk": 12, "fields": {"name": "Can view group", "content_type": 3, "codename": "view_group"}}, {"model": "app.authpermission", "pk": 13, "fields": {"name": "Can add user", "content_type": 4, "codename": "add_user"}}, {"model": "app.authpermission", "pk": 14, "fields": {"name": "Can change user", "content_type": 4, "codename": "change_user"}}, {"model": "app.authpermission", "pk": 15, "fields": {"name": "Can delete user", "content_type": 4, "codename": "delete_user"}}, {"model": "app.authpermission", "pk": 16, "fields": {"name": "Can view user", "content_type": 4, "codename": "view_user"}}, {"model": "app.authpermission", "pk": 17, "fields": {"name": "Can add content type", "content_type": 5, "codename": "add_contenttype"}}, {"model": "app.authpermission", "pk": 18, "fields": {"name": "Can change content type", "content_type": 5, "codename": "change_contenttype"}}, {"model": "app.authpermission", "pk": 19, "fields": {"name": "Can delete content type", "content_type": 5, "codename": "delete_contenttype"}}, {"model": "app.authpermission", "pk": 20, "fields": {"name": "Can view content type", "content_type": 5, "codename": "view_contenttype"}}, {"model": "app.authpermission", "pk": 21, "fields": {"name": "Can add session", "content_type": 6, "codename": "add_session"}}, {"model": "app.authpermission", "pk": 22, "fields": {"name": "Can change session", "content_type": 6, "codename": "change_session"}}, {"model": "app.authpermission", "pk": 23, "fields": {"name": "Can delete session", "content_type": 6, "codename": "delete_session"}}, {"model": "app.authpermission", "pk": 24, "fields": {"name": "Can view session", "content_type": 6, "codename": "view_session"}}, {"model": "app.authpermission", "pk": 25, "fields": {"name": "Can add auth group", "content_type": 7, "codename": "add_authgroup"}}, {"model": "app.authpermission", "pk": 26, "fields": {"name": "Can change auth group", "content_type": 7, "codename": "change_authgroup"}}, {"model": "app.authpermission", "pk": 27, "fields": {"name": "Can delete auth group", "content_type": 7, "codename": "delete_authgroup"}}, {"model": "app.authpermission", "pk": 28, "fields": {"name": "Can view auth group", "content_type": 7, "codename": "view_authgroup"}}, {"model": "app.authpermission", "pk": 29, "fields": {"name": "Can add auth group permissions", "content_type": 8, "codename": "add_authgrouppermissions"}}, {"model": "app.authpermission", "pk": 30, "fields": {"name": "Can change auth group permissions", "content_type": 8, "codename": "change_authgrouppermissions"}}, {"model": "app.authpermission", "pk": 31, "fields": {"name": "Can delete auth group permissions", "content_type": 8, "codename": "delete_authgrouppermissions"}}, {"model": "app.authpermission", "pk": 32, "fields": {"name": "Can view auth group permissions", "content_type": 8, "codename": "view_authgrouppermissions"}}, {"model": "app.authpermission", "pk": 33, "fields": {"name": "Can add auth permission", "content_type": 9, "codename": "add_authpermission"}}, {"model": "app.authpermission", "pk": 34, "fields": {"name": "Can change auth permission", "content_type": 9, "codename": "change_authpermission"}}, {"model": "app.authpermission", "pk": 35, "fields": {"name": "Can delete auth permission", "content_type": 9, "codename": "delete_authpermission"}}, {"model": "app.authpermission", "pk": 36, "fields": {"name": "Can view auth permission", "content_type": 9, "codename": "view_authpermission"}}, {"model": "app.authpermission", "pk": 37, "fields": {"name": "Can add auth user", "content_type": 10, "codename": "add_authuser"}}, {"model": "app.authpermission", "pk": 38, "fields": {"name": "Can change auth user", "content_type": 10, "codename": "change_authuser"}}, {"model": "app.authpermission", "pk": 39, "fields": {"name": "Can delete auth user", "content_type": 10, "codename": "delete_authuser"}}, {"model": "app.authpermission", "pk": 40, "fields": {"name": "Can view auth user", "content_type": 10, "codename": "view_authuser"}}, {"model": "app.authpermission", "pk": 41, "fields": {"name": "Can add auth user groups", "content_type": 11, "codename": "add_authusergroups"}}, {"model": "app.authpermission", "pk": 42, "fields": {"name": "Can change auth user groups", "content_type": 11, "codename": "change_authusergroups"}}, {"model": "app.authpermission", "pk": 43, "fields": {"name": "Can delete auth user groups", "content_type": 11, "codename": "delete_authusergroups"}}, {"model": "app.authpermission", "pk": 44, "fields": {"name": "Can view auth user groups", "content_type": 11, "codename": "view_authusergroups"}}, {"model": "app.authpermission", "pk": 45, "fields": {"name": "Can add auth user user permissions", "content_type": 12, "codename": "add_authuseruserpermissions"}}, {"model": "app.authpermission", "pk": 46, "fields": {"name": "Can change auth user user permissions", "content_type": 12, "codename": "change_authuseruserpermissions"}}, {"model": "app.authpermission", "pk": 47, "fields": {"name": "Can delete auth user user permissions", "content_type": 12, "codename": "delete_authuseruserpermissions"}}, {"model": "app.authpermission", "pk": 48, "fields": {"name": "Can view auth user user permissions", "content_type": 12, "codename": "view_authuseruserpermissions"}}, {"model": "app.authpermission", "pk": 49, "fields": {"name": "Can add boss person", "content_type": 13, "codename": "add_bossperson"}}, {"model": "app.authpermission", "pk": 50, "fields": {"name": "Can change boss person", "content_type": 13, "codename": "change_bossperson"}}, {"model": "app.authpermission", "pk": 51, "fields": {"name": "Can delete boss person", "content_type": 13, "codename": "delete_bossperson"}}, {"model": "app.authpermission", "pk": 52, "fields": {"name": "Can view boss person", "content_type": 13, "codename": "view_bossperson"}}, {"model": "app.authpermission", "pk": 53, "fields": {"name": "Can add contract card", "content_type": 14, "codename": "add_contractcard"}}, {"model": "app.authpermission", "pk": 54, "fields": {"name": "Can change contract card", "content_type": 14, "codename": "change_contractcard"}}, {"model": "app.authpermission", "pk": 55, "fields": {"name": "Can delete contract card", "content_type": 14, "codename": "delete_contractcard"}}, {"model": "app.authpermission", "pk": 56, "fields": {"name": "Can view contract card", "content_type": 14, "codename": "view_contractcard"}}, {"model": "app.authpermission", "pk": 57, "fields": {"name": "Can add contract card okpd", "content_type": 15, "codename": "add_contractcardokpd"}}, {"model": "app.authpermission", "pk": 58, "fields": {"name": "Can change contract card okpd", "content_type": 15, "codename": "change_contractcardokpd"}}, {"model": "app.authpermission", "pk": 59, "fields": {"name": "Can delete contract card okpd", "content_type": 15, "codename": "delete_contractcardokpd"}}, {"model": "app.authpermission", "pk": 60, "fields": {"name": "Can view contract card okpd", "content_type": 15, "codename": "view_contractcardokpd"}}, {"model": "app.authpermission", "pk": 61, "fields": {"name": "Can add django admin log", "content_type": 16, "codename": "add_djangoadminlog"}}, {"model": "app.authpermission", "pk": 62, "fields": {"name": "Can change django admin log", "content_type": 16, "codename": "change_djangoadminlog"}}, {"model": "app.authpermission", "pk": 63, "fields": {"name": "Can delete django admin log", "content_type": 16, "codename": "delete_djangoadminlog"}}, {"model": "app.authpermission", "pk": 64, "fields": {"name": "Can view django admin log", "content_type": 16, "codename": "view_djangoadminlog"}}, {"model": "app.authpermission", "pk": 65, "fields": {"name": "Can add django content type", "content_type": 17, "codename": "add_djangocontenttype"}}, {"model": "app.authpermission", "pk": 66, "fields": {"name": "Can change django content type", "content_type": 17, "codename": "change_djangocontenttype"}}, {"model": "app.authpermission", "pk": 67, "fields": {"name": "Can delete django content type", "content_type": 17, "codename": "delete_djangocontenttype"}}, {"model": "app.authpermission", "pk": 68, "fields": {"name": "Can view django content type", "content_type": 17, "codename": "view_djangocontenttype"}}, {"model": "app.authpermission", "pk": 69, "fields": {"name": "Can add django migrations", "content_type": 18, "codename": "add_djangomigrations"}}, {"model": "app.authpermission", "pk": 70, "fields": {"name": "Can change django migrations", "content_type": 18, "codename": "change_djangomigrations"}}, {"model": "app.authpermission", "pk": 71, "fields": {"name": "Can delete django migrations", "content_type": 18, "codename": "delete_djangomigrations"}}, {"model": "app.authpermission", "pk": 72, "fields": {"name": "Can view django migrations", "content_type": 18, "codename": "view_djangomigrations"}}, {"model": "app.authpermission", "pk": 73, "fields": {"name": "Can add django session", "content_type": 19, "codename": "add_djangosession"}}, {"model": "app.authpermission", "pk": 74, "fields": {"name": "Can change django session", "content_type": 19, "codename": "change_djangosession"}}, {"model": "app.authpermission", "pk": 75, "fields": {"name": "Can delete django session", "content_type": 19, "codename": "delete_djangosession"}}, {"model": "app.authpermission", "pk": 76, "fields": {"name": "Can view django session", "content_type": 19, "codename": "view_djangosession"}}, {"model": "app.authpermission", "pk": 77, "fields": {"name": "Can add eruz member", "content_type": 20, "codename": "add_eruzmember"}}, {"model": "app.authpermission", "pk": 78, "fields": {"name": "Can change eruz member", "content_type": 20, "codename": "change_eruzmember"}}, {"model": "app.authpermission", "pk": 79, "fields": {"name": "Can delete eruz member", "content_type": 20, "codename": "delete_eruzmember"}}, {"model": "app.authpermission", "pk": 80, "fields": {"name": "Can view eruz member", "content_type": 20, "codename": "view_eruzmember"}}, {"model": "app.authpermission", "pk": 81, "fields": {"name": "Can add eruz member contract card", "content_type": 21, "codename": "add_eruzmembercontractcard"}}, {"model": "app.authpermission", "pk": 82, "fields": {"name": "Can change eruz member contract card", "content_type": 21, "codename": "change_eruzmembercontractcard"}}, {"model": "app.authpermission", "pk": 83, "fields": {"name": "Can delete eruz member contract card", "content_type": 21, "codename": "delete_eruzmembercontractcard"}}, {"model": "app.authpermission", "pk": 84, "fields": {"name": "Can view eruz member contract card", "content_type": 21, "codename": "view_eruzmembercontractcard"}}, {"model": "app.authpermission", "pk": 85, "fields": {"name": "Can add eruz member okpd", "content_type": 22, "codename": "add_eruzmemberokpd"}}, {"model": "app.authpermission", "pk": 86, "fields": {"name": "Can change eruz member okpd", "content_type": 22, "codename": "change_eruzmemberokpd"}}, {"model": "app.authpermission", "pk": 87, "fields": {"name": "Can delete eruz member okpd", "content_type": 22, "codename": "delete_eruzmemberokpd"}}, {"model": "app.authpermission", "pk": 88, "fields": {"name": "Can view eruz member okpd", "content_type": 22, "codename": "view_eruzmemberokpd"}}, {"model": "app.authpermission", "pk": 89, "fields": {"name": "Can add eruz member okved codes", "content_type": 23, "codename": "add_eruzmemberokvedcodes"}}, {"model": "app.authpermission", "pk": 90, "fields": {"name": "Can change eruz member okved codes", "content_type": 23, "codename": "change_eruzmemberokvedcodes"}}, {"model": "app.authpermission", "pk": 91, "fields": {"name": "Can delete eruz member okved codes", "content_type": 23, "codename": "delete_eruzmemberokvedcodes"}}, {"model": "app.authpermission", "pk": 92, "fields": {"name": "Can view eruz member okved codes", "content_type": 23, "codename": "view_eruzmemberokvedcodes"}}, {"model": "app.authpermission", "pk": 93, "fields": {"name": "Can add eruz member zakupka card", "content_type": 24, "codename": "add_eruzmemberzakupkacard"}}, {"model": "app.authpermission", "pk": 94, "fields": {"name": "Can change eruz member zakupka card", "content_type": 24, "codename": "change_eruzmemberzakupkacard"}}, {"model": "app.authpermission", "pk": 95, "fields": {"name": "Can delete eruz member zakupka card", "content_type": 24, "codename": "delete_eruzmemberzakupkacard"}}, {"model": "app.authpermission", "pk": 96, "fields": {"name": "Can view eruz member zakupka card", "content_type": 24, "codename": "view_eruzmemberzakupkacard"}}, {"model": "app.authpermission", "pk": 97, "fields": {"name": "Can add nalog codes", "content_type": 25, "codename": "add_nalogcodes"}}, {"model": "app.authpermission", "pk": 98, "fields": {"name": "Can change nalog codes", "content_type": 25, "codename": "change_nalogcodes"}}, {"model": "app.authpermission", "pk": 99, "fields": {"name": "Can delete nalog codes", "content_type": 25, "codename": "delete_nalogcodes"}}, {"model": "app.authpermission", "pk": 100, "fields": {"name": "Can view nalog codes", "content_type": 25, "codename": "view_nalogcodes"}}, {"model": "app.authpermission", "pk": 101, "fields": {"name": "Can add okpd22020", "content_type": 26, "codename": "add_okpd22020"}}, {"model": "app.authpermission", "pk": 102, "fields": {"name": "Can change okpd22020", "content_type": 26, "codename": "change_okpd22020"}}, {"model": "app.authpermission", "pk": 103, "fields": {"name": "Can delete okpd22020", "content_type": 26, "codename": "delete_okpd22020"}}, {"model": "app.authpermission", "pk": 104, "fields": {"name": "Can view okpd22020", "content_type": 26, "codename": "view_okpd22020"}}, {"model": "app.authpermission", "pk": 105, "fields": {"name": "Can add okved2020", "content_type": 27, "codename": "add_okved2020"}}, {"model": "app.authpermission", "pk": 106, "fields": {"name": "Can change okved2020", "content_type": 27, "codename": "change_okved2020"}}, {"model": "app.authpermission", "pk": 107, "fields": {"name": "Can delete okved2020", "content_type": 27, "codename": "delete_okved2020"}}, {"model": "app.authpermission", "pk": 108, "fields": {"name": "Can view okved2020", "content_type": 27, "codename": "view_okved2020"}}, {"model": "app.authpermission", "pk": 109, "fields": {"name": "Can add tip uchastnika", "content_type": 28, "codename": "add_tipuchastnika"}}, {"model": "app.authpermission", "pk": 110, "fields": {"name": "Can change tip uchastnika", "content_type": 28, "codename": "change_tipuchastnika"}}, {"model": "app.authpermission", "pk": 111, "fields": {"name": "Can delete tip uchastnika", "content_type": 28, "codename": "delete_tipuchastnika"}}, {"model": "app.authpermission", "pk": 112, "fields": {"name": "Can view tip uchastnika", "content_type": 28, "codename": "view_tipuchastnika"}}, {"model": "app.authpermission", "pk": 113, "fields": {"name": "Can add zakazchik card", "content_type": 29, "codename": "add_zakazchikcard"}}, {"model": "app.authpermission", "pk": 114, "fields": {"name": "Can change zakazchik card", "content_type": 29, "codename": "change_zakazchikcard"}}, {"model": "app.authpermission", "pk": 115, "fields": {"name": "Can delete zakazchik card", "content_type": 29, "codename": "delete_zakazchikcard"}}, {"model": "app.authpermission", "pk": 116, "fields": {"name": "Can view zakazchik card", "content_type": 29, "codename": "view_zakazchikcard"}}, {"model": "app.authpermission", "pk": 117, "fields": {"name": "Can add zakupka card", "content_type": 30, "codename": "add_zakupkacard"}}, {"model": "app.authpermission", "pk": 118, "fields": {"name": "Can change zakupka card", "content_type": 30, "codename": "change_zakupkacard"}}, {"model": "app.authpermission", "pk": 119, "fields": {"name": "Can delete zakupka card", "content_type": 30, "codename": "delete_zakupkacard"}}, {"model": "app.authpermission", "pk": 120, "fields": {"name": "Can view zakupka card", "content_type": 30, "codename": "view_zakupkacard"}}, {"model": "app.authpermission", "pk": 121, "fields": {"name": "Can add zakupka card okpd", "content_type": 31, "codename": "add_zakupkacardokpd"}}, {"model": "app.authpermission", "pk": 122, "fields": {"name": "Can change zakupka card okpd", "content_type": 31, "codename": "change_zakupkacardokpd"}}, {"model": "app.authpermission", "pk": 123, "fields": {"name": "Can delete zakupka card okpd", "content_type": 31, "codename": "delete_zakupkacardokpd"}}, {"model": "app.authpermission", "pk": 124, "fields": {"name": "Can view zakupka card okpd", "content_type": 31, "codename": "view_zakupkacardokpd"}}, {"model": "app.authuser", "pk": 1, "fields": {"password": "pbkdf2_sha256$120000$jy8hlqfismU4$JJFjagLChO3e7vkbLz/o8YbwNf01bA0o2UVbq1VjQOE=", "last_login": "2020-04-20T12:00:20.170Z", "is_superuser": false, "username": "encarcelado", "first_name": "", "last_name": "", "email": "encarcelado@yandex.ru", "is_staff": false, "is_active": true, "date_joined": "2020-04-10T19:38:46.597Z"}}, {"model": "app.authuser", "pk": 2, "fields": {"password": "pbkdf2_sha256$120000$mjmGxUq9zmGI$4gnBSxitxMz386sulhj6WU9uSFM6+jurb9HVqfusmkA=", "last_login": "2020-04-10T20:05:41.609Z", "is_superuser": true, "username": "marketing", "first_name": "", "last_name": "", "email": "marketing@expertcentre.org", "is_staff": true, "is_active": true, "date_joined": "2020-04-10T20:04:58.548Z"}}, {"model": "app.djangocontenttype", "pk": 1, "fields": {"app_label": "admin", "model": "logentry"}}, {"model": "app.djangocontenttype", "pk": 2, "fields": {"app_label": "auth", "model": "permission"}}, {"model": "app.djangocontenttype", "pk": 3, "fields": {"app_label": "auth", "model": "group"}}, {"model": "app.djangocontenttype", "pk": 4, "fields": {"app_label": "auth", "model": "user"}}, {"model": "app.djangocontenttype", "pk": 5, "fields": {"app_label": "contenttypes", "model": "contenttype"}}, {"model": "app.djangocontenttype", "pk": 6, "fields": {"app_label": "sessions", "model": "session"}}, {"model": "app.djangocontenttype", "pk": 7, "fields": {"app_label": "app", "model": "authgroup"}}, {"model": "app.djangocontenttype", "pk": 8, "fields": {"app_label": "app", "model": "authgrouppermissions"}}, {"model": "app.djangocontenttype", "pk": 9, "fields": {"app_label": "app", "model": "authpermission"}}, {"model": "app.djangocontenttype", "pk": 10, "fields": {"app_label": "app", "model": "authuser"}}, {"model": "app.djangocontenttype", "pk": 11, "fields": {"app_label": "app", "model": "authusergroups"}}, {"model": "app.djangocontenttype", "pk": 12, "fields": {"app_label": "app", "model": "authuseruserpermissions"}}, {"model": "app.djangocontenttype", "pk": 13, "fields": {"app_label": "app", "model": "bossperson"}}, {"model": "app.djangocontenttype", "pk": 14, "fields": {"app_label": "app", "model": "contractcard"}}, {"model": "app.djangocontenttype", "pk": 15, "fields": {"app_label": "app", "model": "contractcardokpd"}}, {"model": "app.djangocontenttype", "pk": 16, "fields": {"app_label": "app", "model": "djangoadminlog"}}, {"model": "app.djangocontenttype", "pk": 17, "fields": {"app_label": "app", "model": "djangocontenttype"}}, {"model": "app.djangocontenttype", "pk": 18, "fields": {"app_label": "app", "model": "djangomigrations"}}, {"model": "app.djangocontenttype", "pk": 19, "fields": {"app_label": "app", "model": "djangosession"}}, {"model": "app.djangocontenttype", "pk": 20, "fields": {"app_label": "app", "model": "eruzmember"}}, {"model": "app.djangocontenttype", "pk": 21, "fields": {"app_label": "app", "model": "eruzmembercontractcard"}}, {"model": "app.djangocontenttype", "pk": 22, "fields": {"app_label": "app", "model": "eruzmemberokpd"}}, {"model": "app.djangocontenttype", "pk": 23, "fields": {"app_label": "app", "model": "eruzmemberokvedcodes"}}, {"model": "app.djangocontenttype", "pk": 24, "fields": {"app_label": "app", "model": "eruzmemberzakupkacard"}}, {"model": "app.djangocontenttype", "pk": 25, "fields": {"app_label": "app", "model": "nalogcodes"}}, {"model": "app.djangocontenttype", "pk": 26, "fields": {"app_label": "app", "model": "okpd22020"}}, {"model": "app.djangocontenttype", "pk": 27, "fields": {"app_label": "app", "model": "okved2020"}}, {"model": "app.djangocontenttype", "pk": 28, "fields": {"app_label": "app", "model": "tipuchastnika"}}, {"model": "app.djangocontenttype", "pk": 29, "fields": {"app_label": "app", "model": "zakazchikcard"}}, {"model": "app.djangocontenttype", "pk": 30, "fields": {"app_label": "app", "model": "zakupkacard"}}, {"model": "app.djangocontenttype", "pk": 31, "fields": {"app_label": "app", "model": "zakupkacardokpd"}}, {"model": "app.djangomigrations", "pk": 1, "fields": {"app": "contenttypes", "name": "0001_initial", "applied": "2020-04-10T19:37:32.970Z"}}, {"model": "app.djangomigrations", "pk": 2, "fields": {"app": "auth", "name": "0001_initial", "applied": "2020-04-10T19:37:33.228Z"}}, {"model": "app.djangomigrations", "pk": 3, "fields": {"app": "admin", "name": "0001_initial", "applied": "2020-04-10T19:37:33.446Z"}}, {"model": "app.djangomigrations", "pk": 4, "fields": {"app": "admin", "name": "0002_logentry_remove_auto_add", "applied": "2020-04-10T19:37:33.653Z"}}, {"model": "app.djangomigrations", "pk": 5, "fields": {"app": "admin", "name": "0003_logentry_add_action_flag_choices", "applied": "2020-04-10T19:37:33.854Z"}}, {"model": "app.djangomigrations", "pk": 6, "fields": {"app": "contenttypes", "name": "0002_remove_content_type_name", "applied": "2020-04-10T19:37:34.068Z"}}, {"model": "app.djangomigrations", "pk": 7, "fields": {"app": "auth", "name": "0002_alter_permission_name_max_length", "applied": "2020-04-10T19:37:34.293Z"}}, {"model": "app.djangomigrations", "pk": 8, "fields": {"app": "auth", "name": "0003_alter_user_email_max_length", "applied": "2020-04-10T19:37:34.484Z"}}, {"model": "app.djangomigrations", "pk": 9, "fields": {"app": "auth", "name": "0004_alter_user_username_opts", "applied": "2020-04-10T19:37:34.686Z"}}, {"model": "app.djangomigrations", "pk": 10, "fields": {"app": "auth", "name": "0005_alter_user_last_login_null", "applied": "2020-04-10T19:37:34.943Z"}}, {"model": "app.djangomigrations", "pk": 11, "fields": {"app": "auth", "name": "0006_require_contenttypes_0002", "applied": "2020-04-10T19:37:35.027Z"}}, {"model": "app.djangomigrations", "pk": 12, "fields": {"app": "auth", "name": "0007_alter_validators_add_error_messages", "applied": "2020-04-10T19:37:35.242Z"}}, {"model": "app.djangomigrations", "pk": 13, "fields": {"app": "auth", "name": "0008_alter_user_username_max_length", "applied": "2020-04-10T19:37:35.435Z"}}, {"model": "app.djangomigrations", "pk": 14, "fields": {"app": "auth", "name": "0009_alter_user_last_name_max_length", "applied": "2020-04-10T19:37:35.628Z"}}, {"model": "app.djangomigrations", "pk": 15, "fields": {"app": "sessions", "name": "0001_initial", "applied": "2020-04-10T19:37:35.801Z"}}, {"model": "app.djangomigrations", "pk": 16, "fields": {"app": "app", "name": "0001_initial", "applied": "2020-04-22T07:02:22.405Z"}}, {"model": "app.djangosession", "pk": "8tjkqjq8ys2sxnzh4dk9bpl06fsakicd", "fields": {"session_data": "ZDZlOTE4MTQzZTkyYjQxNDA5NjMwOTViYTVkZTA0ZDM0N2UyNmExODp7Il9hdXRoX3VzZXJfaWQiOiIxIiwiX2F1dGhfdXNlcl9iYWNrZW5kIjoiZGphbmdvLmNvbnRyaWIuYXV0aC5iYWNrZW5kcy5Nb2RlbEJhY2tlbmQiLCJfYXV0aF91c2VyX2hhc2giOiJjMzY3ODcxZmRhZDU3NzEwZmViZWIxYTFmYWYzZjk0OTg3OTdlMDM3In0=", "expire_date": "2020-04-24T20:14:00.604Z"}}, {"model": "app.djangosession", "pk": "h367n7rzblhzchf47pck9wxfleqk348m", "fields": {"session_data": "ZDZlOTE4MTQzZTkyYjQxNDA5NjMwOTViYTVkZTA0ZDM0N2UyNmExODp7Il9hdXRoX3VzZXJfaWQiOiIxIiwiX2F1dGhfdXNlcl9iYWNrZW5kIjoiZGphbmdvLmNvbnRyaWIuYXV0aC5iYWNrZW5kcy5Nb2RlbEJhY2tlbmQiLCJfYXV0aF91c2VyX2hhc2giOiJjMzY3ODcxZmRhZDU3NzEwZmViZWIxYTFmYWYzZjk0OTg3OTdlMDM3In0=", "expire_date": "2020-05-04T12:00:20.382Z"}}, {"model": "auth.permission", "pk": 1, "fields": {"name": "Can add log entry", "content_type": 1, "codename": "add_logentry"}}, {"model": "auth.permission", "pk": 2, "fields": {"name": "Can change log entry", "content_type": 1, "codename": "change_logentry"}}, {"model": "auth.permission", "pk": 3, "fields": {"name": "Can delete log entry", "content_type": 1, "codename": "delete_logentry"}}, {"model": "auth.permission", "pk": 4, "fields": {"name": "Can view log entry", "content_type": 1, "codename": "view_logentry"}}, {"model": "auth.permission", "pk": 5, "fields": {"name": "Can add permission", "content_type": 2, "codename": "add_permission"}}, {"model": "auth.permission", "pk": 6, "fields": {"name": "Can change permission", "content_type": 2, "codename": "change_permission"}}, {"model": "auth.permission", "pk": 7, "fields": {"name": "Can delete permission", "content_type": 2, "codename": "delete_permission"}}, {"model": "auth.permission", "pk": 8, "fields": {"name": "Can view permission", "content_type": 2, "codename": "view_permission"}}, {"model": "auth.permission", "pk": 9, "fields": {"name": "Can add group", "content_type": 3, "codename": "add_group"}}, {"model": "auth.permission", "pk": 10, "fields": {"name": "Can change group", "content_type": 3, "codename": "change_group"}}, {"model": "auth.permission", "pk": 11, "fields": {"name": "Can delete group", "content_type": 3, "codename": "delete_group"}}, {"model": "auth.permission", "pk": 12, "fields": {"name": "Can view group", "content_type": 3, "codename": "view_group"}}, {"model": "auth.permission", "pk": 13, "fields": {"name": "Can add user", "content_type": 4, "codename": "add_user"}}, {"model": "auth.permission", "pk": 14, "fields": {"name": "Can change user", "content_type": 4, "codename": "change_user"}}, {"model": "auth.permission", "pk": 15, "fields": {"name": "Can delete user", "content_type": 4, "codename": "delete_user"}}, {"model": "auth.permission", "pk": 16, "fields": {"name": "Can view user", "content_type": 4, "codename": "view_user"}}, {"model": "auth.permission", "pk": 17, "fields": {"name": "Can add content type", "content_type": 5, "codename": "add_contenttype"}}, {"model": "auth.permission", "pk": 18, "fields": {"name": "Can change content type", "content_type": 5, "codename": "change_contenttype"}}, {"model": "auth.permission", "pk": 19, "fields": {"name": "Can delete content type", "content_type": 5, "codename": "delete_contenttype"}}, {"model": "auth.permission", "pk": 20, "fields": {"name": "Can view content type", "content_type": 5, "codename": "view_contenttype"}}, {"model": "auth.permission", "pk": 21, "fields": {"name": "Can add session", "content_type": 6, "codename": "add_session"}}, {"model": "auth.permission", "pk": 22, "fields": {"name": "Can change session", "content_type": 6, "codename": "change_session"}}, {"model": "auth.permission", "pk": 23, "fields": {"name": "Can delete session", "content_type": 6, "codename": "delete_session"}}, {"model": "auth.permission", "pk": 24, "fields": {"name": "Can view session", "content_type": 6, "codename": "view_session"}}, {"model": "auth.permission", "pk": 25, "fields": {"name": "Can add auth group", "content_type": 7, "codename": "add_authgroup"}}, {"model": "auth.permission", "pk": 26, "fields": {"name": "Can change auth group", "content_type": 7, "codename": "change_authgroup"}}, {"model": "auth.permission", "pk": 27, "fields": {"name": "Can delete auth group", "content_type": 7, "codename": "delete_authgroup"}}, {"model": "auth.permission", "pk": 28, "fields": {"name": "Can view auth group", "content_type": 7, "codename": "view_authgroup"}}, {"model": "auth.permission", "pk": 29, "fields": {"name": "Can add auth group permissions", "content_type": 8, "codename": "add_authgrouppermissions"}}, {"model": "auth.permission", "pk": 30, "fields": {"name": "Can change auth group permissions", "content_type": 8, "codename": "change_authgrouppermissions"}}, {"model": "auth.permission", "pk": 31, "fields": {"name": "Can delete auth group permissions", "content_type": 8, "codename": "delete_authgrouppermissions"}}, {"model": "auth.permission", "pk": 32, "fields": {"name": "Can view auth group permissions", "content_type": 8, "codename": "view_authgrouppermissions"}}, {"model": "auth.permission", "pk": 33, "fields": {"name": "Can add auth permission", "content_type": 9, "codename": "add_authpermission"}}, {"model": "auth.permission", "pk": 34, "fields": {"name": "Can change auth permission", "content_type": 9, "codename": "change_authpermission"}}, {"model": "auth.permission", "pk": 35, "fields": {"name": "Can delete auth permission", "content_type": 9, "codename": "delete_authpermission"}}, {"model": "auth.permission", "pk": 36, "fields": {"name": "Can view auth permission", "content_type": 9, "codename": "view_authpermission"}}, {"model": "auth.permission", "pk": 37, "fields": {"name": "Can add auth user", "content_type": 10, "codename": "add_authuser"}}, {"model": "auth.permission", "pk": 38, "fields": {"name": "Can change auth user", "content_type": 10, "codename": "change_authuser"}}, {"model": "auth.permission", "pk": 39, "fields": {"name": "Can delete auth user", "content_type": 10, "codename": "delete_authuser"}}, {"model": "auth.permission", "pk": 40, "fields": {"name": "Can view auth user", "content_type": 10, "codename": "view_authuser"}}, {"model": "auth.permission", "pk": 41, "fields": {"name": "Can add auth user groups", "content_type": 11, "codename": "add_authusergroups"}}, {"model": "auth.permission", "pk": 42, "fields": {"name": "Can change auth user groups", "content_type": 11, "codename": "change_authusergroups"}}, {"model": "auth.permission", "pk": 43, "fields": {"name": "Can delete auth user groups", "content_type": 11, "codename": "delete_authusergroups"}}, {"model": "auth.permission", "pk": 44, "fields": {"name": "Can view auth user groups", "content_type": 11, "codename": "view_authusergroups"}}, {"model": "auth.permission", "pk": 45, "fields": {"name": "Can add auth user user permissions", "content_type": 12, "codename": "add_authuseruserpermissions"}}, {"model": "auth.permission", "pk": 46, "fields": {"name": "Can change auth user user permissions", "content_type": 12, "codename": "change_authuseruserpermissions"}}, {"model": "auth.permission", "pk": 47, "fields": {"name": "Can delete auth user user permissions", "content_type": 12, "codename": "delete_authuseruserpermissions"}}, {"model": "auth.permission", "pk": 48, "fields": {"name": "Can view auth user user permissions", "content_type": 12, "codename": "view_authuseruserpermissions"}}, {"model": "auth.permission", "pk": 49, "fields": {"name": "Can add boss person", "content_type": 13, "codename": "add_bossperson"}}, {"model": "auth.permission", "pk": 50, "fields": {"name": "Can change boss person", "content_type": 13, "codename": "change_bossperson"}}, {"model": "auth.permission", "pk": 51, "fields": {"name": "Can delete boss person", "content_type": 13, "codename": "delete_bossperson"}}, {"model": "auth.permission", "pk": 52, "fields": {"name": "Can view boss person", "content_type": 13, "codename": "view_bossperson"}}, {"model": "auth.permission", "pk": 53, "fields": {"name": "Can add contract card", "content_type": 14, "codename": "add_contractcard"}}, {"model": "auth.permission", "pk": 54, "fields": {"name": "Can change contract card", "content_type": 14, "codename": "change_contractcard"}}, {"model": "auth.permission", "pk": 55, "fields": {"name": "Can delete contract card", "content_type": 14, "codename": "delete_contractcard"}}, {"model": "auth.permission", "pk": 56, "fields": {"name": "Can view contract card", "content_type": 14, "codename": "view_contractcard"}}, {"model": "auth.permission", "pk": 57, "fields": {"name": "Can add contract card okpd", "content_type": 15, "codename": "add_contractcardokpd"}}, {"model": "auth.permission", "pk": 58, "fields": {"name": "Can change contract card okpd", "content_type": 15, "codename": "change_contractcardokpd"}}, {"model": "auth.permission", "pk": 59, "fields": {"name": "Can delete contract card okpd", "content_type": 15, "codename": "delete_contractcardokpd"}}, {"model": "auth.permission", "pk": 60, "fields": {"name": "Can view contract card okpd", "content_type": 15, "codename": "view_contractcardokpd"}}, {"model": "auth.permission", "pk": 61, "fields": {"name": "Can add django admin log", "content_type": 16, "codename": "add_djangoadminlog"}}, {"model": "auth.permission", "pk": 62, "fields": {"name": "Can change django admin log", "content_type": 16, "codename": "change_djangoadminlog"}}, {"model": "auth.permission", "pk": 63, "fields": {"name": "Can delete django admin log", "content_type": 16, "codename": "delete_djangoadminlog"}}, {"model": "auth.permission", "pk": 64, "fields": {"name": "Can view django admin log", "content_type": 16, "codename": "view_djangoadminlog"}}, {"model": "auth.permission", "pk": 65, "fields": {"name": "Can add django content type", "content_type": 17, "codename": "add_djangocontenttype"}}, {"model": "auth.permission", "pk": 66, "fields": {"name": "Can change django content type", "content_type": 17, "codename": "change_djangocontenttype"}}, {"model": "auth.permission", "pk": 67, "fields": {"name": "Can delete django content type", "content_type": 17, "codename": "delete_djangocontenttype"}}, {"model": "auth.permission", "pk": 68, "fields": {"name": "Can view django content type", "content_type": 17, "codename": "view_djangocontenttype"}}, {"model": "auth.permission", "pk": 69, "fields": {"name": "Can add django migrations", "content_type": 18, "codename": "add_djangomigrations"}}, {"model": "auth.permission", "pk": 70, "fields": {"name": "Can change django migrations", "content_type": 18, "codename": "change_djangomigrations"}}, {"model": "auth.permission", "pk": 71, "fields": {"name": "Can delete django migrations", "content_type": 18, "codename": "delete_djangomigrations"}}, {"model": "auth.permission", "pk": 72, "fields": {"name": "Can view django migrations", "content_type": 18, "codename": "view_djangomigrations"}}, {"model": "auth.permission", "pk": 73, "fields": {"name": "Can add django session", "content_type": 19, "codename": "add_djangosession"}}, {"model": "auth.permission", "pk": 74, "fields": {"name": "Can change django session", "content_type": 19, "codename": "change_djangosession"}}, {"model": "auth.permission", "pk": 75, "fields": {"name": "Can delete django session", "content_type": 19, "codename": "delete_djangosession"}}, {"model": "auth.permission", "pk": 76, "fields": {"name": "Can view django session", "content_type": 19, "codename": "view_djangosession"}}, {"model": "auth.permission", "pk": 77, "fields": {"name": "Can add eruz member", "content_type": 20, "codename": "add_eruzmember"}}, {"model": "auth.permission", "pk": 78, "fields": {"name": "Can change eruz member", "content_type": 20, "codename": "change_eruzmember"}}, {"model": "auth.permission", "pk": 79, "fields": {"name": "Can delete eruz member", "content_type": 20, "codename": "delete_eruzmember"}}, {"model": "auth.permission", "pk": 80, "fields": {"name": "Can view eruz member", "content_type": 20, "codename": "view_eruzmember"}}, {"model": "auth.permission", "pk": 81, "fields": {"name": "Can add eruz member contract card", "content_type": 21, "codename": "add_eruzmembercontractcard"}}, {"model": "auth.permission", "pk": 82, "fields": {"name": "Can change eruz member contract card", "content_type": 21, "codename": "change_eruzmembercontractcard"}}, {"model": "auth.permission", "pk": 83, "fields": {"name": "Can delete eruz member contract card", "content_type": 21, "codename": "delete_eruzmembercontractcard"}}, {"model": "auth.permission", "pk": 84, "fields": {"name": "Can view eruz member contract card", "content_type": 21, "codename": "view_eruzmembercontractcard"}}, {"model": "auth.permission", "pk": 85, "fields": {"name": "Can add eruz member okpd", "content_type": 22, "codename": "add_eruzmemberokpd"}}, {"model": "auth.permission", "pk": 86, "fields": {"name": "Can change eruz member okpd", "content_type": 22, "codename": "change_eruzmemberokpd"}}, {"model": "auth.permission", "pk": 87, "fields": {"name": "Can delete eruz member okpd", "content_type": 22, "codename": "delete_eruzmemberokpd"}}, {"model": "auth.permission", "pk": 88, "fields": {"name": "Can view eruz member okpd", "content_type": 22, "codename": "view_eruzmemberokpd"}}, {"model": "auth.permission", "pk": 89, "fields": {"name": "Can add eruz member okved codes", "content_type": 23, "codename": "add_eruzmemberokvedcodes"}}, {"model": "auth.permission", "pk": 90, "fields": {"name": "Can change eruz member okved codes", "content_type": 23, "codename": "change_eruzmemberokvedcodes"}}, {"model": "auth.permission", "pk": 91, "fields": {"name": "Can delete eruz member okved codes", "content_type": 23, "codename": "delete_eruzmemberokvedcodes"}}, {"model": "auth.permission", "pk": 92, "fields": {"name": "Can view eruz member okved codes", "content_type": 23, "codename": "view_eruzmemberokvedcodes"}}, {"model": "auth.permission", "pk": 93, "fields": {"name": "Can add eruz member zakupka card", "content_type": 24, "codename": "add_eruzmemberzakupkacard"}}, {"model": "auth.permission", "pk": 94, "fields": {"name": "Can change eruz member zakupka card", "content_type": 24, "codename": "change_eruzmemberzakupkacard"}}, {"model": "auth.permission", "pk": 95, "fields": {"name": "Can delete eruz member zakupka card", "content_type": 24, "codename": "delete_eruzmemberzakupkacard"}}, {"model": "auth.permission", "pk": 96, "fields": {"name": "Can view eruz member zakupka card", "content_type": 24, "codename": "view_eruzmemberzakupkacard"}}, {"model": "auth.permission", "pk": 97, "fields": {"name": "Can add nalog codes", "content_type": 25, "codename": "add_nalogcodes"}}, {"model": "auth.permission", "pk": 98, "fields": {"name": "Can change nalog codes", "content_type": 25, "codename": "change_nalogcodes"}}, {"model": "auth.permission", "pk": 99, "fields": {"name": "Can delete nalog codes", "content_type": 25, "codename": "delete_nalogcodes"}}, {"model": "auth.permission", "pk": 100, "fields": {"name": "Can view nalog codes", "content_type": 25, "codename": "view_nalogcodes"}}, {"model": "auth.permission", "pk": 101, "fields": {"name": "Can add okpd22020", "content_type": 26, "codename": "add_okpd22020"}}, {"model": "auth.permission", "pk": 102, "fields": {"name": "Can change okpd22020", "content_type": 26, "codename": "change_okpd22020"}}, {"model": "auth.permission", "pk": 103, "fields": {"name": "Can delete okpd22020", "content_type": 26, "codename": "delete_okpd22020"}}, {"model": "auth.permission", "pk": 104, "fields": {"name": "Can view okpd22020", "content_type": 26, "codename": "view_okpd22020"}}, {"model": "auth.permission", "pk": 105, "fields": {"name": "Can add okved2020", "content_type": 27, "codename": "add_okved2020"}}, {"model": "auth.permission", "pk": 106, "fields": {"name": "Can change okved2020", "content_type": 27, "codename": "change_okved2020"}}, {"model": "auth.permission", "pk": 107, "fields": {"name": "Can delete okved2020", "content_type": 27, "codename": "delete_okved2020"}}, {"model": "auth.permission", "pk": 108, "fields": {"name": "Can view okved2020", "content_type": 27, "codename": "view_okved2020"}}, {"model": "auth.permission", "pk": 109, "fields": {"name": "Can add tip uchastnika", "content_type": 28, "codename": "add_tipuchastnika"}}, {"model": "auth.permission", "pk": 110, "fields": {"name": "Can change tip uchastnika", "content_type": 28, "codename": "change_tipuchastnika"}}, {"model": "auth.permission", "pk": 111, "fields": {"name": "Can delete tip uchastnika", "content_type": 28, "codename": "delete_tipuchastnika"}}, {"model": "auth.permission", "pk": 112, "fields": {"name": "Can view tip uchastnika", "content_type": 28, "codename": "view_tipuchastnika"}}, {"model": "auth.permission", "pk": 113, "fields": {"name": "Can add zakazchik card", "content_type": 29, "codename": "add_zakazchikcard"}}, {"model": "auth.permission", "pk": 114, "fields": {"name": "Can change zakazchik card", "content_type": 29, "codename": "change_zakazchikcard"}}, {"model": "auth.permission", "pk": 115, "fields": {"name": "Can delete zakazchik card", "content_type": 29, "codename": "delete_zakazchikcard"}}, {"model": "auth.permission", "pk": 116, "fields": {"name": "Can view zakazchik card", "content_type": 29, "codename": "view_zakazchikcard"}}, {"model": "auth.permission", "pk": 117, "fields": {"name": "Can add zakupka card", "content_type": 30, "codename": "add_zakupkacard"}}, {"model": "auth.permission", "pk": 118, "fields": {"name": "Can change zakupka card", "content_type": 30, "codename": "change_zakupkacard"}}, {"model": "auth.permission", "pk": 119, "fields": {"name": "Can delete zakupka card", "content_type": 30, "codename": "delete_zakupkacard"}}, {"model": "auth.permission", "pk": 120, "fields": {"name": "Can view zakupka card", "content_type": 30, "codename": "view_zakupkacard"}}, {"model": "auth.permission", "pk": 121, "fields": {"name": "Can add zakupka card okpd", "content_type": 31, "codename": "add_zakupkacardokpd"}}, {"model": "auth.permission", "pk": 122, "fields": {"name": "Can change zakupka card okpd", "content_type": 31, "codename": "change_zakupkacardokpd"}}, {"model": "auth.permission", "pk": 123, "fields": {"name": "Can delete zakupka card okpd", "content_type": 31, "codename": "delete_zakupkacardokpd"}}, {"model": "auth.permission", "pk": 124, "fields": {"name": "Can view zakupka card okpd", "content_type": 31, "codename": "view_zakupkacardokpd"}}, {"model": "auth.user", "pk": 1, "fields": {"password": "pbkdf2_sha256$120000$jy8hlqfismU4$JJFjagLChO3e7vkbLz/o8YbwNf01bA0o2UVbq1VjQOE=", "last_login": "2020-04-20T12:00:20.170Z", "is_superuser": false, "username": "encarcelado", "first_name": "", "last_name": "", "email": "encarcelado@yandex.ru", "is_staff": false, "is_active": true, "date_joined": "2020-04-10T19:38:46.597Z", "groups": [], "user_permissions": []}}, {"model": "auth.user", "pk": 2, "fields": {"password": "pbkdf2_sha256$120000$mjmGxUq9zmGI$4gnBSxitxMz386sulhj6WU9uSFM6+jurb9HVqfusmkA=", "last_login": "2020-04-10T20:05:41.609Z", "is_superuser": true, "username": "marketing", "first_name": "", "last_name": "", "email": "marketing@expertcentre.org", "is_staff": true, "is_active": true, "date_joined": "2020-04-10T20:04:58.548Z", "groups": [], "user_permissions": []}}]